{
  "sp_xera_gap": 0.30644782172911134,
  "sp_xwoba_allowed_gap": 0.21889130123507955,
  "sp_recent_form_gap": 0.08755652049403183,
  "team_xwoba_gap": 0.9582131589534778,
  "team_wrcplus_gap": 0.9582131589534778,
  "swing_take_gap": 0.8633960223531761,
  "bullpen_siera_gap": 0.9945767794644,
  "bullpen_xwoba_gap": 0.9945767794644,
  "sp_k_bb_pct_gap": 0.15,
  "sp_siera_gap": 0.15
}