{
  "sp_xera_gap": 0.31133977631997806,
  "sp_xwoba_allowed_gap": 0.2223851259637965,
  "sp_recent_form_gap": 0.08895465035618164,
  "team_xwoba_gap": 0.9574398492819703,
  "team_wrcplus_gap": 0.9574398492819703,
  "swing_take_gap": 0.8690098828912716,
  "bullpen_siera_gap": 0.9864402379185547,
  "bullpen_xwoba_gap": 0.9864402379185547,
  "sp_k_bb_pct_gap": 0.15,
  "sp_siera_gap": 0.15
}