{
  "sp_xera_gap": 0.31185323338455,
  "sp_xwoba_allowed_gap": 0.22275188030316004,
  "sp_recent_form_gap": 0.08910135308139,
  "team_xwoba_gap": 0.95757916484776,
  "team_wrcplus_gap": 0.95757916484776,
  "swing_take_gap": 0.86961739812336,
  "bullpen_siera_gap": 0.9865852518989999,
  "bullpen_xwoba_gap": 0.9865852518989999,
  "sp_k_bb_pct_gap": 0.15,
  "sp_siera_gap": 0.15
}