{
  "sp_xera_gap": 0.3118848012478547,
  "sp_xwoba_allowed_gap": 0.22277442873349687,
  "sp_recent_form_gap": 0.08911037251435792,
  "team_xwoba_gap": 0.9570681495345084,
  "team_wrcplus_gap": 0.9570681495345084,
  "swing_take_gap": 0.8687806174781898,
  "bullpen_siera_gap": 0.9873050644987855,
  "bullpen_xwoba_gap": 0.9873050644987855,
  "sp_k_bb_pct_gap": 0.15,
  "sp_siera_gap": 0.15
}