{
  "sp_xera_gap": 0.3098089695464883,
  "sp_xwoba_allowed_gap": 0.22129212110463456,
  "sp_recent_form_gap": 0.08851684844185381,
  "team_xwoba_gap": 0.9612102366744958,
  "team_wrcplus_gap": 0.9612102366744958,
  "swing_take_gap": 0.8692404203808828,
  "bullpen_siera_gap": 0.9920763084831773,
  "bullpen_xwoba_gap": 0.9920763084831773,
  "sp_k_bb_pct_gap": 0.15,
  "sp_siera_gap": 0.15
}