{
  "sp_xera_gap": 0.3104253310028036,
  "sp_xwoba_allowed_gap": 0.22173237928771697,
  "sp_recent_form_gap": 0.08869295171508677,
  "team_xwoba_gap": 0.9552090060167566,
  "team_wrcplus_gap": 0.9552090060167566,
  "swing_take_gap": 0.8697676548103557,
  "bullpen_siera_gap": 0.9897049154137996,
  "bullpen_xwoba_gap": 0.9897049154137996,
  "sp_k_bb_pct_gap": 0.15,
  "sp_siera_gap": 0.15
}