{
  "sp_xera_gap": 0.30736330336238055,
  "sp_xwoba_allowed_gap": 0.21954521668741467,
  "sp_recent_form_gap": 0.08781808667496588,
  "team_xwoba_gap": 0.9524483874677535,
  "team_wrcplus_gap": 0.9524483874677535,
  "swing_take_gap": 0.8596765810929549,
  "bullpen_siera_gap": 1.0,
  "bullpen_xwoba_gap": 1.0,
  "sp_k_bb_pct_gap": 0.15,
  "sp_siera_gap": 0.15
}