{
  "sp_xera_gap": 0.31135495220153037,
  "sp_xwoba_allowed_gap": 0.22239639442966466,
  "sp_recent_form_gap": 0.08895855777186584,
  "team_xwoba_gap": 0.9570335790508141,
  "team_wrcplus_gap": 0.9570335790508141,
  "swing_take_gap": 0.8712039634823429,
  "bullpen_siera_gap": 0.9897049154137996,
  "bullpen_xwoba_gap": 0.9897049154137996,
  "sp_k_bb_pct_gap": 0.15,
  "sp_siera_gap": 0.15
}