{
  "sp_xera_gap": 0.3060173410151585,
  "sp_xwoba_allowed_gap": 0.2185838150108275,
  "sp_recent_form_gap": 0.087433526004331,
  "team_xwoba_gap": 0.9545463455308287,
  "team_wrcplus_gap": 0.9545463455308287,
  "swing_take_gap": 0.8630535454452726,
  "bullpen_siera_gap": 0.9965835,
  "bullpen_xwoba_gap": 0.9965835,
  "sp_k_bb_pct_gap": 0.15,
  "sp_siera_gap": 0.15
}