{
  "sp_xera_gap": 0.3111894989687187,
  "sp_xwoba_allowed_gap": 0.2222782135490849,
  "sp_recent_form_gap": 0.08891128541963395,
  "team_xwoba_gap": 0.9649845888705043,
  "team_wrcplus_gap": 0.9649845888705043,
  "swing_take_gap": 0.867930822763537,
  "bullpen_siera_gap": 0.9897049154137996,
  "bullpen_xwoba_gap": 0.9897049154137996,
  "sp_k_bb_pct_gap": 0.15,
  "sp_siera_gap": 0.15
}