{
  "sp_xera_gap": 0.3113804808823341,
  "sp_xwoba_allowed_gap": 0.22241420059516498,
  "sp_recent_form_gap": 0.0889662802871692,
  "team_xwoba_gap": 0.9574398492819703,
  "team_wrcplus_gap": 0.9574398492819703,
  "swing_take_gap": 0.869235886291515,
  "bullpen_siera_gap": 0.9861263427704466,
  "bullpen_xwoba_gap": 0.9861263427704466,
  "sp_k_bb_pct_gap": 0.15,
  "sp_siera_gap": 0.15
}