{
  "sp_xera_gap": 0.3082371376888664,
  "sp_xwoba_allowed_gap": 0.22016938406347605,
  "sp_recent_form_gap": 0.08806775362539042,
  "team_xwoba_gap": 0.9639826507781337,
  "team_wrcplus_gap": 0.9639826507781337,
  "swing_take_gap": 0.8654253209364818,
  "bullpen_siera_gap": 0.9949377494505972,
  "bullpen_xwoba_gap": 0.9949377494505972,
  "sp_k_bb_pct_gap": 0.15,
  "sp_siera_gap": 0.15
}