{
  "sp_xera_gap": 0.3068789080088941,
  "sp_xwoba_allowed_gap": 0.21919922000635297,
  "sp_recent_form_gap": 0.0876796880025412,
  "team_xwoba_gap": 0.9618940581465449,
  "team_wrcplus_gap": 0.9618940581465449,
  "swing_take_gap": 0.8637386351627663,
  "bullpen_siera_gap": 0.9925740996612705,
  "bullpen_xwoba_gap": 0.9925740996612705,
  "sp_k_bb_pct_gap": 0.15,
  "sp_siera_gap": 0.15
}