{
  "train_size": 4350,
  "val_size": 2121,
  "clean": {
    "n": 2121,
    "brier": 0.2609330415725708,
    "log_loss": 0.7181660299859194,
    "hit_rate": 0.5322960867515323
  },
  "leaky": {
    "n": 2121,
    "brier": 0.1528889536857605,
    "log_loss": 0.4892801662367539,
    "hit_rate": 0.8198962753418199
  },
  "shipped_in_sample": {
    "n": 2121,
    "brier": 0.20709459271552827,
    "log_loss": 0.6044283430874875,
    "hit_rate": 0.7623762376237624
  },
  "delta_leaky_vs_clean": {
    "brier": -0.1080440878868103,
    "log_loss": -0.22888586374916547,
    "hit_rate": 0.2876001885902876
  },
  "n_features_clean": 51,
  "n_features_leaky": 52
}