{
  "schema_version": 1,
  "coef": [
    -0.41261231906298906,
    0.13522793413304407
  ],
  "intercept": -0.16319098648894045,
  "feature_means": [
    10.955179639019212,
    0.8647450110864743
  ],
  "feature_stds": [
    8.642931844695328,
    1.2153431948721816
  ],
  "feature_names": [
    "edge_pp",
    "f1_magnitude"
  ],
  "n_train": 451,
  "train_log_loss": 0.6672051545847425,
  "train_accuracy": 0.5343680709534369,
  "test_log_loss": 0.6890827827133174,
  "test_accuracy": 0.5111111111111111
}